Review,Sentiment,Sentiment Score,Main Issue,Issue Score
The product works fine. I ordered the more exprensive one after I read reviews from others on Amazon. My husband likes t,Positive,0.907,Delivery Problem,0.38
This book is so useless that I feel compelled to write a review to warn others to stay away from this book. A good tutor,Negative,0.986,Delivery Problem,0.218
The authors attempt an ambitious goal of covering many SOA topics - but their resulting text come across as scattered - ,Negative,0.974,Customer Service Issue,0.277
I ordered this product and did recieve then a couple months later it broke. Now Ive done everything I was told to do by ,Negative,0.978,Delivery Problem,0.393
I hated this movie. It was so silly. The girl made the cult look more stupid than they already were. Come on? She was fr,Negative,0.984,Product Quality Issue,0.225
Product was easy to use to assemble.Product supported my weight (180 lb) and was easy to take down. I usually do not hav,Positive,0.99,Performance Issue,0.296
"1.Music-I don't like it,but too overplayed for this CD-2/5 stars2.Most Girls-I listen a lot when gets boring-4/5 stars3.",Positive,0.975,Pricing Issue,0.201
"The other plastic garages and service stations that we have purchased in the past were made so poorly, but this one has ",Positive,0.926,Product Quality Issue,0.529
"Nirvana only got popular after cobain killed himself? Obviously you're an idiot. Nirvana got mega-popular after ""Smells ",Positive,0.984,Product Quality Issue,0.247
"Tracy knows how to get you on your feet and dancing! This is an amazing effort from Tracy Young, a must have for everyon",Positive,0.991,Performance Issue,0.377
"What matters is using the cable with the highest capability your gear will support (HDMI, DVI, component), and using a d",Positive,0.843,Performance Issue,0.464
"I've used this camera for 6 years. Last year I started getting intermittant ""Remove the Cassette"" messages. I wish I had",Negative,0.828,Customer Service Issue,0.385
"We make so many awesome things with this dehydrator, including beef jerky, dried bananas, strawberries, apples and we al",Positive,0.99,Performance Issue,0.367
I was on a plane trying to read this and instead picked up the airline magazine. I typically enjoy books about Irish fam,Negative,0.983,Delivery Problem,0.247
i bought FDM-07157 under the cabinet LCD TV in 2006 (DEC). from CIRCUIT CITY who did nothing when the screen went black ,Negative,0.988,Customer Service Issue,0.707
"Let Me Call You Sweetheart, by Mary Higgins Clark, read by Bess Armstrong. A convoluted and seemingly implausible tale. ",Negative,0.975,Product Quality Issue,0.288
I've been using this product for 3 months. It seems to be pretty accurate with my cycle. I gave it 4 stars because they ,Positive,0.934,Pricing Issue,0.684
"I liked the book because it is from a true story and the story is fantastic. However, I disliked the book because it has",Negative,0.832,Performance Issue,0.228
I luv Johanna Lindsey books but this was not good at all.I don't think she was awake when she wrote this. I'm just sad b,Negative,0.985,Battery Issue,0.2
"This second CD of his really helped him boost his career and helped to uplift the spirit of the 1990s. Songs like ""All t",Positive,0.99,Performance Issue,0.222
Ignore Kavity Killer's one-star review; I don't know what his/her problem is with good ol' Lyle. If you have the slighte,Positive,0.988,Pricing Issue,0.219
"I bought this dvd for my wife because she wanted a short, effective workout. Right at the bat, Jillian set the bar high ",Positive,0.988,Product Quality Issue,0.222
It was a nice series. I have read Snelling before and enjoyed her books. Her family connection in the series worked well,Positive,0.99,Product Quality Issue,0.254
"Just a heads up. Two of the songs on 1000 Fires are Babble tunes. If you are a Babble fan, then you probably want to che",Negative,0.931,Performance Issue,0.258
My five year old loves his voice changer. In fact everyone in the house plays with it. I like how you can use multiple s,Positive,0.981,Product Quality Issue,0.34
"I was overall disappointed with this product, did not see the results and I used it as the label stated. Ended up having",Negative,0.988,Product Quality Issue,0.518
"Very outstanding book, helped a ton of things that are just ""assumed"" elsewhere(datasheets, app notes and the like). Whi",Positive,0.99,Performance Issue,0.203
Although it rarely advances too deeply into the lives of the two-hundred individuals featured and I did find a typo or t,Positive,0.99,Performance Issue,0.194
I originally had my Xbox 360 hooked up through component but my HDTV only has space for one component connection and I n,Positive,0.984,Product Quality Issue,0.209
"I have been using a terrible hole puncher at school for the past ten years. (hole guide shifting after every punch, a de",Positive,0.854,Product Quality Issue,0.262
I was looking to order this product but after reading the reviews there was a change of mind. A 6 pack would have been O,Negative,0.977,Pricing Issue,0.578
The book is beautifully illustrated with full color photos that are exceptional in quality. I think it would have been h,Positive,0.988,Performance Issue,0.284
Save your money. It is awful and boring and a shame developers even wasted their time on it.,Negative,0.987,Product Quality Issue,0.181
"This book was disappointing, it only give a sample of Bible prophecy. Plus most of these studies of the are messianic. A",Negative,0.986,Delivery Problem,0.334
"I really enjoyed this story as I have others of Ingrid's. The story and the characters remain the meat of the book, inst",Positive,0.982,Product Quality Issue,0.262
"This looks like a fun game with a really reasonable price. Problem is, on my iMac running 10.6.8, the game does not star",Negative,0.984,Customer Service Issue,0.435
"This set is a box of useless trash. Amazon, you shouldn't allow this sub-quality crap on your site. It is bad for busine",Negative,0.987,Product Quality Issue,0.541
I am new to networking and wanted to learn more about security and hacking. I have been especially interested in explori,Positive,0.981,Performance Issue,0.193
"I will not go into any details in this first review, but one very important oversight by the editors was the overlooking",Negative,0.854,Delivery Problem,0.256
Any Crowes fan must have a copy of this!! I have both VHS and DVD!!! Kind of funny seeing the boys back in the day.,Positive,0.985,Product Quality Issue,0.286
"I had a hard time putting the arcade up. I was not pleased with the product, because 3 people was trying to put the game",Negative,0.977,Customer Service Issue,0.61
"The story's setting takes place in mideavltimes when king Arthur was king. The main charters are king Arthur,Guenever,Ga",Positive,0.681,Performance Issue,0.239
I am not referring to the CD but the review by Herbert S. Philbrick. This guy has heard one track on a radio program and,Positive,0.739,Product Quality Issue,0.236
"If you must hear Bette doing standards go see the movie For The Boys and buy the soundtrack, but this cd is just in bad ",Negative,0.984,Performance Issue,0.247
the title cut is still a Bumping track that will throw your head out of wack in a good way. who took the funk is a bange,Positive,0.989,Performance Issue,0.245
The rules were interpreted - the initial game played. Will probably never play again. You are crossing arms with your op,Negative,0.982,Performance Issue,0.284
"It's been years since I had a hand-vac, so I spent a lot of time researching the ones available. I decided on this one a",Negative,0.986,Performance Issue,0.298
Loved it. The characters are evolving with each book and I am really beginning to care what happens to them.,Positive,0.988,Battery Issue,0.213
"I love these things, if only I'd stop dropping them because they are hard to find. They are the only needle threaders th",Positive,0.982,Product Quality Issue,0.255
"It's so nice to have ""eggs"" available whenever you need them. I like to spontaneously bake things, and in the past have ",Positive,0.987,Customer Service Issue,0.234
"Being desperate for ideas as to what to make my 13 year old son who is on a Candida Diet, I thought I had found a gold m",Negative,0.97,Delivery Problem,0.266
I ordered a book on March 14 for a birthday present. Today is April 16 and I still have not received the book. I have co,Negative,0.987,Delivery Problem,0.426
Good for value!!Its been a month to using it.It works well-Goood!!but it takes time to heat up.,Positive,0.985,Performance Issue,0.324
"This tub was such a disappointment. First, it is VERY difficult to use with an infant. My daughter continued to slide do",Negative,0.988,Performance Issue,0.262
I found this book to be a waste of time and money. The main focus of the book seemed to be how inadequate the Snubby is ,Negative,0.986,Performance Issue,0.196
This review is mainly to warn all of the poor video quality I experenced with the VHS tape by the studio: 'Diamond Enter,Negative,0.986,Product Quality Issue,0.551
"Prospective buyers, beware!I did a lot of research, and finally settled on the Creative Zen Vision:M. I was certainly im",Positive,0.965,Customer Service Issue,0.45
Although the concept of this book is a great idea I just couldn't get into all that much. It got boring and monotonous q,Negative,0.986,Battery Issue,0.222
"With the caliber of musicians playing on this album, I expected a hard hitting original. Instead we get re-arranged cove",Negative,0.763,Product Quality Issue,0.323
I have tried making my way through this book many times. But I cannot get past the author's incessesant penchant for the,Negative,0.987,Battery Issue,0.208
"Gee, this is my first negative review for Chris Rea. Why? Well I expect it is because this cd moved away from what one m",Positive,0.847,Performance Issue,0.219
"GOOD FOR THE PRICE.IT IS NICE AND USEFUL ESPECIALLY THE BIG BOWL.THE SMALLER ONES ARE O.K ,IT COULD HAVE BEEN A BIT BIGG",Positive,0.99,Pricing Issue,0.718
Arrived non-functional. Called Motorola who offered to exchange it but they never followed through on sending me return ,Negative,0.983,Delivery Problem,0.473
"I have seen many craft magazines come and go. I hope this one goes. Granted, there is no commercial advertising in it, b",Negative,0.977,Delivery Problem,0.365
"Very disappointing video. The hostess was pleasant, but the content was useless. One of the tricks was to go fetch. How ",Negative,0.987,Performance Issue,0.282
"The funniest pairing was that of the hot young woman with the wrinkly old man. Now THAT had some mileage, but unfortunat",Negative,0.977,Performance Issue,0.304
"Please don't buy these headphones if you are expecting to get a lot of bang for your buck. They cost very little, and th",Negative,0.987,Pricing Issue,0.471
love amazon diaper deal! Huggies are the best and I can afford them when I buy them on here!!!!!!!!!! They are great for,Positive,0.991,Pricing Issue,0.427
"I'd been meaning to read this book for a long time, and I realize that it's considered a ""classic"", so I was surprised a",Negative,0.945,Pricing Issue,0.241
This is either a case of sloppy copyediting or rushing in production. The DVDs do not contain the episodes as listed on ,Negative,0.986,Product Quality Issue,0.42
"In addition to the Bible , the four basic key aids for study are a bible atlas, bible dictionary, concordance, and last ",Positive,0.99,Product Quality Issue,0.244
"This is a fascinating look at the story of a Canadian sailor, John MacLennon, who enters deeply into the life of the Chu",Positive,0.982,Performance Issue,0.221
"these glasses seemed fine at first and I actually liked them a lot, but after 3 months they have developed some strange ",Negative,0.954,Pricing Issue,0.244
"Her currently single ""Say How I Feel"" is absolutely nothing like her album.Her album is garbage in my opinion. She doesn",Negative,0.987,Pricing Issue,0.265
"I have payed an additional $4 in order to get a 24 hours delivery, and it has been more than 26 hours and it still didn'",Negative,0.93,Delivery Problem,0.495
This is great for making smoothies in the a.m. I haven't had any problems with it - I use frozen fruit and juice and it ,Positive,0.991,Product Quality Issue,0.305
This is my second DVD recorder (the first was a Cyberhome).Many people complain about the Icon system and settings layou,Positive,0.969,Product Quality Issue,0.293
This is quite possibly the most insane game you will ever play on any game console. Use your buckets to catch the bombs.,Negative,0.877,Performance Issue,0.251
"Well, i was so excited when i got the package. inserted the installation disk and i was prompted that installation was b",Negative,0.986,Delivery Problem,0.472
This game rules. It's a lot of fun. I'm so bad at it I can't even beat the game on easy and i still love it. Skirmishs a,Positive,0.987,Product Quality Issue,0.216
"great story! the characters had great, rich personalities. the only problem with this book was the way it was told. ""but",Positive,0.989,Product Quality Issue,0.229
Great product for people that don't want to haul a compressor around in order to use a nailer. Make sure you have a good,Positive,0.989,Product Quality Issue,0.315
I saw that the average rating for this book was 4 and a half stars and I had to write a review. This is the best trilogl,Positive,0.989,Product Quality Issue,0.237
The book kept me intrigued from beginning to end. I don't think I would have found this book on any book shelf let alone,Positive,0.979,Performance Issue,0.231
It helps to use the system for people that do not play games on the PS3 because all the buttons are like a standard blue,Positive,0.986,Product Quality Issue,0.286
This book does a wonderful job explaining database systems using Java. I have read many books on the subject and this is,Positive,0.991,Performance Issue,0.201
The characters go through their motions but it just doesn't meet the standards established by other police dramas. For s,Negative,0.98,Performance Issue,0.304
"Too bad the quality of this DVD was so bad. It was loaded with skippps. We are exchanging it, hope the new one is better",Positive,0.938,Product Quality Issue,0.705
Whoever said this band is better than Hatebreed is way off. These herbs don't even come close. Don't waste your money. J,Negative,0.986,Product Quality Issue,0.332
nothing special i would recommend spending more money on the other desk mats this thing is kind of weak looking,Negative,0.986,Product Quality Issue,0.498
"I've used several carbon monoxide alarms from First Alert for the past couple of years. Sadly, I was very dissapointed w",Positive,0.964,Pricing Issue,0.323
"Well done, feel good, and extremely realistic. Sami potrayed the character well. Another great french film.",Positive,0.991,Product Quality Issue,0.305
"I ordered a paperback copy of this book which was supposed to be ""like new"". The book I received was a hardcover copy no",Negative,0.954,Product Quality Issue,0.478
"I eat oat bran cereal almost every morning for breakfast. This was a great deal, and a convenient way to purchase it.",Positive,0.988,Pricing Issue,0.375
"we are addicted to LOST...silly as it is. we were getting the discs on netflix, but season 6 was not out yet. after purc",Negative,0.973,Pricing Issue,0.246
"What a gloriously funny book! Even the recipies were funny, and well, how funny did you think a recipie could be?! I ""di",Positive,0.982,Performance Issue,0.205
If you want Harman Kardon receivers it's ok. Even most of the DVD's. I own a 22 and a 31 and I also got this one which i,Negative,0.979,Product Quality Issue,0.468
"Same problems as everybody else. 14 months after purchase it ate the card. Tried 2 different cards, no dice for either. ",Negative,0.979,Customer Service Issue,0.642
I can be tough on safety glasses so it may be no fault of the mfg but IMO the lenses scuffed and scratched rather quickl,Negative,0.96,Product Quality Issue,0.354
"Love the quick drawing action, works beautifully! Great knife at a great price. Get you one son!",Positive,0.992,Pricing Issue,0.324
I have become a fast fan of Mustela products for my 3 year old who suffers from eczema. This is the first Mustella produ,Negative,0.979,Delivery Problem,0.295
"I would like to recommend Different Flags. It is the story of Ani, a young american woman who feels that her life is goi",Positive,0.985,Performance Issue,0.249
"I feel this book is poorly written. It needed to be proof read before printing. It was, for sure, not worth the $20. The",Negative,0.986,Product Quality Issue,0.48
"I understand that if you are young and in jail, as was Sade, you can dream all kinds of sexual fantasies. The dreams of ",Negative,0.976,Delivery Problem,0.21
"We received these cups (which are very nice heavy metal), and the handle was detached from the largest size. We ordered ",Negative,0.973,Delivery Problem,0.578
"Another WWE stinker!!!! No comments from the ""Brain"" himself, who was one of the funniest men in the history of wrestlin",Negative,0.986,Product Quality Issue,0.405
"A good primer on analysis, moving averages, and cheap vs. expensive. There is a major hole in this book: When is it time",Negative,0.694,Delivery Problem,0.525
"This is jazz guitar period. Even if you are slightly interested in great music that swings, pick this one up quick....be",Positive,0.982,Performance Issue,0.374
i loved this book! im currently on holiday and ive only got the first in the series and im dying to read more of this ma,Positive,0.987,Performance Issue,0.218
"This game is great. I play at Very High detail and High on that other question. The graphics are good, the game has good",Positive,0.988,Product Quality Issue,0.317
"I actually purchased the CD because it was ""Gladys Knight"" and gospel music, but prior to opening it I decided to listen",Negative,0.983,Product Quality Issue,0.351
"Our family love watching ""Friends"" so this game was perfect for our teenagers as a gift for Christmas!Amazon had the ite",Positive,0.99,Product Quality Issue,0.459
"First: Huge thanks to all the reviewers who let us know to order a smaller size than we usually wear. I am a size 8 but,",Positive,0.512,Battery Issue,0.242
Months after Snow Leopard was released I can't use this expensive printer. This response from Dymo support on December 3,Negative,0.983,Customer Service Issue,0.462
"Barbara Sherrod doesn't churn out as many books per annum as some of the other Signet authors, and it shows. Her books a",Positive,0.971,Pricing Issue,0.326
"She's a harpie, a liar, a thief, and a mass murderer of police, soldiers, and children. Anyone who buys this book, or se",Negative,0.948,Delivery Problem,0.234
JK but yeah very helpful in understanding the important basics and biology of what I do every day. I got my money's wort,Positive,0.989,Battery Issue,0.215
"The movie is cute, and the DVD is fine, but I purchased this for the digital copy. Shame on Sony for the deceptive packa",Negative,0.98,Product Quality Issue,0.267
**1/2 The title of the film refers to the walls of the county asylum and to the hero's amnesia. Medical students may fin,Positive,0.822,Pricing Issue,0.243
"An absolute classic, everyone should own this movie.Literal laughs and tears story.",Positive,0.99,Product Quality Issue,0.273
Gave it one star because that's the lowest you can go. This book may be useful if you've never turned on a computer befo,Negative,0.982,Performance Issue,0.245
I bought this blender for X-mas and all went well for about a month until this evening. When I went to turn the blender ,Negative,0.983,Customer Service Issue,0.526
I wanted to point out a few things that weren't clear when I bought these weights:1. Each band is equipped with removabl,Negative,0.748,Delivery Problem,0.254
For a short story fiction book I thought it quite fun and a great little read. This book would be great for a cold raine,Positive,0.988,Battery Issue,0.234
I Played Grand Theft Auto 2 And It Is The Coolest Game Since Pong. The High Definition Levels And The Graphics Make This,Positive,0.98,Product Quality Issue,0.311
"This song is the epitome of how low popular music has landslid, also mirrored by several rap-rock groups. Music at it's ",Negative,0.981,Performance Issue,0.464
I thought this movie was going to be great; The reviews and critics all agreed it was the best movie. And the new direct,Negative,0.968,Performance Issue,0.237
This is a great addition to anyone's Star Wars collection. All episodes were inspired by the films and addtional charact,Positive,0.951,Pricing Issue,0.438
"I have read all of the CWG books, and must say that I did not find anything in there that I had not read or heard before",Positive,0.853,Delivery Problem,0.225
This is a very good read. I was very impressed with the quality of this book. I grew quickly attached to the charcters a,Positive,0.99,Product Quality Issue,0.361
Foyle's War is simply one of the best of the numerous British mystery series produced. As a fan of the genre I feel this,Positive,0.99,Product Quality Issue,0.322
"I ordered the 18 inch chain for a pendant I received from a friend. While it is nice looking, the chain including the cl",Negative,0.959,Delivery Problem,0.369
"I am not a Huge Phil Collins fan but i do like the man, not only as a singer but also as a composer, the guy is a great ",Positive,0.991,Product Quality Issue,0.274
Ran around trying to ground the turntable... thought this thing came with an input for grounding my turntable because so,Negative,0.971,Performance Issue,0.32
I purchased this book so I could use it with my students. They have been using two voices to perform each story. They re,Positive,0.989,Performance Issue,0.372
"This battery was inexpensive and worked really well at first. As other reviewers have mentioned, it's not the exact colo",Negative,0.668,Battery Issue,0.445
The Rach 3 has been my favorite piano concerto since the first time I heard it. (I own 7 different recordings.) I am a p,Negative,0.978,Product Quality Issue,0.246
I'm really disappointed with this video. the song style is like 60s to 80s that tots never understand the wits or anythi,Negative,0.987,Performance Issue,0.294
"I'm a gadgeteer. I play with all kinds of digital and electronics equipment. I'm an amateur radio operator, I write web ",Negative,0.986,Performance Issue,0.6
This is really compact and comes with 3 bags to get you started as well as a plastic carrying bag. We haven't used it ye,Positive,0.99,Performance Issue,0.217
"This is not a book. It is a manual for the code the author has writen.The code is in .p format, not in .m format. So it ",Negative,0.981,Battery Issue,0.189
Anyone who is interested in bamboo will want The Craft & Art of Bamboo by Carol Stangler readily at hand! She looked Nor,Positive,0.988,Pricing Issue,0.401
I got this to store electronics in - it's a pretty good deal. The picture doesn't show that the tackle box comes with a ,Negative,0.921,Pricing Issue,0.303
This book - and Michael Harner - are a horrifically bad joke. A true shaman does NOT teach shamanism to the masses in wo,Negative,0.983,Pricing Issue,0.433
I knew that this movie would kill at the box office. One of the best movies i have seen. I went to see it with my 2 bros,Positive,0.831,Performance Issue,0.278
"Really, they should have a separate scale for Robin McKinley. _The Stone Fey_ is vividly written and illustrated, captur",Positive,0.99,Performance Issue,0.276
"ESTA CALIFICACION ES DEBIDO A QUE EL PAQUETE ESTA RETENIDO, ME INDICA QUE RECHAZAN CARGOS A LA TARJETA, VERIFICANDO MI E",Positive,0.964,Product Quality Issue,0.45
My first littermaid device lasted about 10 years. It was excellent and I recommended it highly to others.I was really ex,Negative,0.94,Performance Issue,0.303
"I read this book to a group of preschool children at storytime at our local Zoo. When I first read it to myself, I thoug",Positive,0.983,Performance Issue,0.214
Easy to put down and pick up again weeks later. Not enough stuff about other things going on other than what the main ch,Negative,0.982,Performance Issue,0.286
"Very attractive, solid and sturdy, materials are very well organized. Not the cheapest, but well worth it -- especially ",Positive,0.991,Product Quality Issue,0.372
I would have rated these as a 4 or 5 until they broke. It turns out the speaker assemblies are held to the headband by a,Negative,0.971,Customer Service Issue,0.329
I use the Linksys WRT150N Wireless N Router at home with my PS3 and 2 computers. I use the Linksys WUSB300N Wireless-N U,Positive,0.971,Delivery Problem,0.255
"I disagree that this book is a good introduction to sendmail. It does not cover the basic options well, and very quickly",Negative,0.798,Product Quality Issue,0.19
"I checked this book out of the library rather than buying it, thankfully. Virtually every pattern in this cheesy book is",Negative,0.979,Delivery Problem,0.326
"Having just seen Samsara, Baraka, and Koyaanasquatsi again I would say you can choose any of the others and get the expe",Negative,0.954,Product Quality Issue,0.368
This is an easy read and the devotions are easily applied to every day life. I use the app on my iPad for inspiration to,Positive,0.992,Delivery Problem,0.253
I needed a good plug that was a little shorter to keep the plug wires off the headers. They did just that and are a grea,Positive,0.989,Product Quality Issue,0.35
"This is a very comprehensive review of Four Tops ""cuts' what I simply can't understand is why none of these 'Hit Lists' ",Positive,0.989,Performance Issue,0.266
"i had such high hopes for this album, i really did. after hearing ""stupify"" and ""voices"" i was convinced that these guys",Negative,0.982,Performance Issue,0.302
"If you have the Baby Bargain book by Alan & Denise Fields, YOU REALLY DON'T NEED THIS BOOK. First, it's not as detail as",Negative,0.972,Delivery Problem,0.392
"THIS IS NOT ""ROYAL HERITAGE HOME BRAND"" THIS SET IS VERY THIN AND NOT EVEN WORTH THE DISCOUNTED PRICE. BEWARE OF ANYONE ",Negative,0.986,Pricing Issue,0.414
Bought this CD set for my wife for Christmas and we both enjoy falling to sleep to the sounds. No music. Just the sounds,Positive,0.983,Pricing Issue,0.278
"I am returning the Vol. I movie, Heidi, movie was terrible; movie jumped all over the place throughout the entire movie.",Negative,0.985,Product Quality Issue,0.265
"I first got tuned in and turned on to Jeff Beck with his ""Who Else?"" cd, which in my personal opinion is the best. But t",Positive,0.985,Product Quality Issue,0.35
This single isn't quite as fun as Crying At The Discoteque or Don't You Want Me. Whereas those other singles have better,Positive,0.986,Pricing Issue,0.367
"Deborah Bonham, sister of the late great John ""Bonzo"" Bonham of Led Zeppelin, stirs emotion and excitement in ""Old Hyde""",Positive,0.991,Performance Issue,0.324
"Steig got me started, Nesbo was next and now I have moved on to Karin Fossum. I find these 3 authors so much better than",Positive,0.982,Performance Issue,0.258
This is one of the greatest things to come along since sliced bread. It captures the essence of all that is evil in the ,Positive,0.988,Delivery Problem,0.346
"I just got them today. It does not cancel anything! It can't even cancel low noise of pc while working (ventilation, hd,",Negative,0.937,Performance Issue,0.379
This movie was nothing but rubbish - it went absolutely nowhere. It wasn't even funny - I hardly got a chuckle at most.I,Negative,0.976,Performance Issue,0.292
I ordered this movie from Amazon and it was greatly anticipated by my husband as a gift from me. He remembers it as a ve,Negative,0.939,Customer Service Issue,0.423
I nice boy meets boy wrestles with attraction and sexuality. The film is handled in a common German way. There small bit,Positive,0.735,Performance Issue,0.293
"To all citizens of America, this is a MUST read book. You need to see how this country was led by a man of character bec",Positive,0.991,Performance Issue,0.278
This book offers hope for those with chronic health problems. The book is very specific and detailed about what is and i,Positive,0.956,Performance Issue,0.214
i really needed one of these as i am home bound. Ity comes in handy for picking things up off the floor and getting some,Positive,0.983,Product Quality Issue,0.251
"I have been so let down by this book. I was hoping for so much more for ""C"". The romance just wasnt there. Just skip thi",Negative,0.986,Product Quality Issue,0.233
I was really feeling this album. I think that they have some good features and some great tracks as well. I'm really fee,Positive,0.987,Product Quality Issue,0.223
"DESPITE READING THE NEGATIVE REVIEWS, I BOUGHT IT ANYWAY. THE WEIGHT PART WAS OK, BUT I WAS VERY DISAPPOINTED WITH THE A",Negative,0.987,Performance Issue,0.34
Purchased this in Jan 2011. Am currently in my 4th week of the program and very impresseed thus far. I did read the revi,Positive,0.989,Product Quality Issue,0.31
"I didn't want a huge countertop knife block, or a 20-slot monster for the drawer, this one is perfect. Basic, well-made,",Positive,0.987,Product Quality Issue,0.401
"I would also like to take this opportunity to express my extreme disappointment in the phones I ordered. Unfortunately, ",Negative,0.985,Product Quality Issue,0.512
"My 3 yr. old son is a HUGE Blue's Clues fan so when I saw this, I picked it up for him. I'm sorry I did. I though it wou",Negative,0.984,Product Quality Issue,0.361
"Based on these reviews I thought to try a genre I'd not explored.Ohmy, never again. Suggestion: Critically read reviews;",Negative,0.978,Performance Issue,0.338
"No potential singles other than ""Throwback"", ""Burn"", and ""Yeah"". What the hell is he confessing on this album...... NOTH",Negative,0.873,Product Quality Issue,0.336
My husband lives these shows. You must understand their humor to enjoy it! We look forward to watching for years to come,Positive,0.991,Performance Issue,0.226
"thses guys rock, and the vocals are 2nd to..well maybe dio ,well worth the price of addmission!",Positive,0.988,Pricing Issue,0.511
"I ordered the ""2 CD Bonus Deluxe"" set as pictured on the amazon website.The software I received from a third party selle",Negative,0.983,Delivery Problem,0.285
"Enough with the drunk Indians, If they cannot learn to deal with the world as it is now, use productive work, discipline",Negative,0.942,Performance Issue,0.487
Super System II provides some great insights into playing poker.The book provides a great overview of a number of variat,Positive,0.992,Performance Issue,0.243
If you think i am buying these box sets think again. They are a COMPLETE waste of money. I am gonna wait for the complet,Negative,0.986,Pricing Issue,0.253
"We truly love the Canon PIXMA mini260 Photo Printer. The quality of the photos is sharper, clearer and has brighter colo",Negative,0.931,Product Quality Issue,0.355
The best learners are the ones who teach others what they learnd.Some times we learn things on the hard way.The smart pe,Positive,0.984,Performance Issue,0.435
"Harbor by Lorraine Adams is an impressive first novel, full of wit and suspense and technical skill. Adams engages the r",Positive,0.985,Performance Issue,0.219
"As a prospective first-time property purchaser, I found this book to contain some good information on the particulars of",Positive,0.794,Performance Issue,0.308
"Well, I was skeptical of this thing. Mostly, I wasn't sure if my cat would actually like it. She loves it. She just stre",Positive,0.982,Product Quality Issue,0.31
the glowing reviews for this and the rest of the godin series are false . this has 1 or 2 half-decent cuts and the rest ,Negative,0.976,Product Quality Issue,0.39
Given the number of Discoveries and Range Rover Classics in service and the arguably very high percentage of owners who ,Negative,0.982,Delivery Problem,0.275
"I bought this book based on a review in Scientific American. Though Mr. Tattersall's credentials are impressive, the boo",Negative,0.973,Pricing Issue,0.2
"The guitarist for Dregs is, very likely, the most versatile guitarist on two legs. There are other examples of individua",Positive,0.984,Delivery Problem,0.399
"Works great, Fun and good sounds. PA is not the best feature, But overall a deal for the price.",Positive,0.992,Performance Issue,0.509
Just having this one in your collection is great. Videos have certainly changed from the early days of Luther.,Positive,0.989,Battery Issue,0.19
This is the first book of Anne Perry's that ive read and i am sure it wont be the last. This book is fantastic. This boo,Positive,0.988,Product Quality Issue,0.343
Beware do not order any thing for this company . it is closed and person has got this item at a pawn shop and send it ou,Negative,0.979,Delivery Problem,0.377
"I rented this movie hoping for a fantasy look at the war between cats and dogs, but no, I didn't get that.What I did get",Negative,0.972,Product Quality Issue,0.246
The title of this book talks the talk but the pages don't walk the walk. It wasn't the entertaining read that i expected,Negative,0.984,Performance Issue,0.232
"I never thought I'd buy the original CD - but I did, and found it quite enjoyable.This Karaoke CD is not quite up to spe",Negative,0.98,Product Quality Issue,0.336
An interesting book that pleasantly reminded me of my visits to Sedona and the people I met there. But aside from its no,Negative,0.956,Product Quality Issue,0.263
"Since watching the dvd, I have used the techniques and have seen a vast improvement with my boys. I would recommend this",Positive,0.99,Product Quality Issue,0.271
"If you like cats, Sci-Fi, intrique, by-plays and an all-around well-told story, you'll love this story of Pyanfar Chanur",Positive,0.988,Performance Issue,0.331
"Overly preachy.The story was alright, but the Christian message was not subtle, and ended up being a complete turnoff.Am",Negative,0.98,Performance Issue,0.374
We are using this in the entry hall of our house near the intake for the furnace. It is very convenient to fill (2 conta,Negative,0.952,Product Quality Issue,0.238
"Entirely too much flapping of the gums and not enough substance. Postcard from the Caribbean is much better, and that's ",Negative,0.985,Product Quality Issue,0.229
"I just had to share my story and find it hilarious that everyone else's is the same. I was all set to make my first ""per",Negative,0.941,Performance Issue,0.353
"After many years of luke-warm curling irons, I finally stepped up to the plate and bought a ""professional"" curling iron.",Positive,0.986,Pricing Issue,0.489
"I know it sounds crazy, but after reading this book I felt like I knew Kung Fu when I was dealing with the Credit Bureau",Positive,0.985,Delivery Problem,0.255
The geology of the Denali area is a fascinating mix where uplift from plate techtonics meet sharp glacially cut peaks. M,Positive,0.829,Performance Issue,0.261
"I found this book after seeing the film, Gerry (loosely based on the Kodikian case).The first surprise upon reading this",Positive,0.939,Performance Issue,0.227
"While this book has good parts, they are completely countered by Pinker's theory that the humans are the exact OPPOSITE ",Positive,0.939,Performance Issue,0.214
"My 7 yr old daughter loves this. I had to take her to work with me for an 8 hr shift, she played with this for hours. I ",Positive,0.988,Product Quality Issue,0.275
I was given this book by a friend. I can only assume they thought it would amuse me. I have never read such poor writing,Negative,0.982,Performance Issue,0.261
"These are by far the longest, most boring, and overall possibly the worst movies ever.The Godfather part I comprises may",Negative,0.987,Performance Issue,0.271
I've done a lot of research on which protein powders are more effective and Syntha-6 is rated #2 on proteinpowder.net. I,Positive,0.986,Pricing Issue,0.452
"My teacher assigned us 2 books relating to the Holocaust to read, and I couldn't be happier that I got Milkweed.Milkweed",Positive,0.989,Product Quality Issue,0.252
"My dog could care less, but my 2 yr old siamese cat loves this dvd. He will wake up from a nap anywhere in the house and",Positive,0.99,Product Quality Issue,0.293
"I thought this was a very lucid and easy to read account of what XML is, what it's being used for, and why you might wan",Positive,0.973,Battery Issue,0.217
"I was very please with how well made these rings are. They were very cheap compared to everything else out there, so I w",Positive,0.952,Product Quality Issue,0.461
"Nice paperback size and feel, great for following the score while listening to the masterpiece. Much better than using a",Positive,0.99,Product Quality Issue,0.476
Lasted about 18 months before the screen went out. Looks like its the power supply and this TV is headed to the trash. W,Negative,0.982,Performance Issue,0.322
"Unfortunately, I had not read the Customer's review before purchasing the book. I think maybe Patricia got fed up with t",Negative,0.987,Product Quality Issue,0.256
"I liked Forza 2 and thought it was fun, but the game began to get old quick. With that I went and bought Dirt and dangit",Positive,0.976,Product Quality Issue,0.276
"+ 5 stars for content- Formatting on Kindle is not goodWhen viewing last page of poem, the title of next poem is seen on",Negative,0.96,Product Quality Issue,0.509
All three tracks on this disc are beautiful works. I thoroughly enjoyed them all. The other reviews have covered this in,Positive,0.592,Product Quality Issue,0.431
"I got really excited when i bought this book, but when i received it i got really disappointed of my purchase, i thought",Negative,0.967,Product Quality Issue,0.257
LOVE THE GIRL ON REGIS BUT DO YOU THINK MAYBE ONCE SHE CAN REVIEW A GOOD BOOK... THIS IS BORING BORING BORING..,Negative,0.987,Performance Issue,0.359
"What a piece of junk! Aluminum what? Frame, that's about it. The table top is wafer fiber and the littlest amount of wei",Negative,0.985,Product Quality Issue,0.378
I don't understand how anyone at a notable publishing firm could read this and think it is a good novel. It reads like a,Negative,0.979,Performance Issue,0.214
I have only had my KRZR for a month now but I love this phone. I am able to get a signal in once dead areas and the batt,Positive,0.989,Product Quality Issue,0.358
"I was really interested to see this film based on the really positive reviews from earlier viewers. However, I was as di",Negative,0.983,Delivery Problem,0.488
"While the authors are well known, their background is not in the sciences or in engineering - a prerequisite to speak in",Positive,0.682,Performance Issue,0.229
"If you are looking for an intelligent,hilarious film, this is the one. Steve Bucemi is his regular quirky self and Thora",Positive,0.987,Pricing Issue,0.344
"This is an absolute waste of money, the first one ripped on the first run. Then I had an exchange, and the second one ri",Negative,0.987,Product Quality Issue,0.418
I bought this because of rave reviews and a good concept. I wish I could send it back to Bodum and ask them what were th,Negative,0.987,Product Quality Issue,0.548
"When I'm looking for a new book to read, I alwaysread the Amazon reviews. Even the not-so-great reviewsfor this book wer",Positive,0.982,Pricing Issue,0.215
Troy Alleyn is commissioned to paint a portrait of the great actor Sir Henry Ancred. Though thanks to journalist/friend ,Positive,0.975,Pricing Issue,0.23
We saw this movie over a year ago. My husband said he would like it for his DVD collection and I waited until it came do,Negative,0.837,Pricing Issue,0.647
"It is entertaining for a b movie, however towards the end a guardian evil bull was in the movie with a two foot full sha",Negative,0.621,Performance Issue,0.317
Fun historic adventure tale with great character development that make Follett's stories my favorite. Was a bit disappoi,Positive,0.99,Product Quality Issue,0.277
"Every book I have read by Chriatopher Penczak is consistently well researched, easy to follow, entertaining and detailed",Positive,0.99,Pricing Issue,0.207
"I was waiting and waiting...for so long, to be insulted and to be treated with much disrespect...and I kept praying that",Positive,0.81,Delivery Problem,0.217
"Tim O'Brien's storytelling style is intoxicating. He examines what it means to tell a story, and what the telling of sto",Positive,0.989,Pricing Issue,0.207
"The idea of a 3 piece Halloween tombstone at this height seemed like a good one as it would be easy to store. However, i",Negative,0.985,Pricing Issue,0.318
"I just came over here to look for a new book, and I happened to see the advertisement for this watch. I have it, and I L",Positive,0.99,Delivery Problem,0.218
I am not pleased with the product - even with the color chart and following directions was unable to get the color to ma,Negative,0.982,Product Quality Issue,0.533
U3 works on some machines and not others. The support from Sandisk is canned and didn't help. The expectation seems to b,Negative,0.986,Customer Service Issue,0.433
"I just unpacked the crib to be sure that all the parts were accounted for. For the people who already have this crib, I ",Negative,0.956,Performance Issue,0.237
"I may have gotten a bad copy, but the sound quality on this release is horrible - about the same as a scratchy record.",Negative,0.984,Product Quality Issue,0.607
I highly recommend this book to whoever wants to have solid understanding of TCP/IP.It covers even advanced topics with ,Positive,0.991,Battery Issue,0.202
Lil Zane jumped in and off the charts faster than a speeding bullet. This album isn't bad if you like young rappers.,Positive,0.984,Product Quality Issue,0.311
"....eh. i usually enjoy Woody (Manhattan, Hannah and her Sisters, Manhattan Murder Mystery, Mighty Aphrodite), but Allen",Positive,0.95,Performance Issue,0.363
"Rock has written a great review of this ""toy."" I have collected many of these HP figures; one of the wands actually brok",Positive,0.863,Delivery Problem,0.276
This product did not work at all....and I gave it as a gift. so I am not very happy with it and don't really know what t,Negative,0.987,Product Quality Issue,0.364
Mason Proffit joins Buffalo Springfeild in testifying to the new document that taught us all we need to do more. More fo,Negative,0.608,Performance Issue,0.273
This Item is terrible. All the utensils are cheap and very poorly made. Very flimsy and easily broken. The holder itself,Negative,0.987,Product Quality Issue,0.557
"I like the popper. It is convenient, and very easy to use. Popcorn was completed in 3 to 4 minutes. And, easy to clean u",Positive,0.989,Product Quality Issue,0.323
Robinson gives a detailed account of the United States position concerning foriegn affairs where Latin America and other,Positive,0.99,Battery Issue,0.23
This dvd is a treasure to discover! Approach it with an open mind and eagerness to explore the fascinating history of th,Positive,0.987,Performance Issue,0.22
For waiting 25 years it could have been a bit better. It was good to see the old characters and missed the ones no longe,Positive,0.954,Performance Issue,0.3
I have a problem with this clock in that the second hand freezes at the 1 or 2 second mark and loses synch with the minu,Negative,0.98,Customer Service Issue,0.311
Chris has been my favorite Idol contestant so far. I was really looking forward to see what kind of music he would produ,Positive,0.983,Product Quality Issue,0.244
"This book reads like an extended prose poem - very lyrical and beautiful, at times surreal, and not plot-driven. The wee",Positive,0.974,Performance Issue,0.251
I found Bishop Foster's book while searching Las Vegas wedding sites. Her unique frame of reference of her many weddings,Positive,0.99,Performance Issue,0.263
The only problem I have with these is that when they arrived at my house I noticed two little scratches on the frames. Y,Positive,0.94,Delivery Problem,0.539
This product is pretty flimsy. Our dog knocks it down on an regular basis. The feet also don't seem to want to stay on t,Negative,0.966,Product Quality Issue,0.694
"I bought this 2 years ago thinking my son (2years)will get to play with three toys in 1. Well,its been sitting in the ga",Negative,0.664,Performance Issue,0.341
"If you would like to try some piano music. Do not get this one.This CD is not emotional, not rhythmic, not insipiring, a",Negative,0.982,Product Quality Issue,0.456
I saw this movie for the first time when it was in theaters. Younger movie fans will find it can't compare with modern f,Positive,0.979,Performance Issue,0.231
Mr Lund has done an almost superhuman job of doing the research necessary to make this novel believable. I was most impr,Positive,0.987,Performance Issue,0.286
I regret the day I bought this book. I wish I knew where the author lives to get a refund. I am very dissappointed with ,Negative,0.983,Product Quality Issue,0.314
"I was happy with this at first but after about 2 months of use (making a single cappuchino every morning for myself), it",Negative,0.985,Performance Issue,0.451
"As a former Carbon County resident who is familiar with all the people mentioned in this book, I know the author did a s",Positive,0.991,Performance Issue,0.23
Like others here I bought the 5 piece set on the gold box deal. What junk. These are made in China knives that can be ha,Negative,0.98,Product Quality Issue,0.375
Machine Gun Etiquette hasn't left my turntable since I bought it a week ago and is well on it's way to becoming an all-t,Positive,0.981,Product Quality Issue,0.259
I would have rated this machine 5 stars if it had come with popcorn but it doesn't so it gets 4 stars. This machine is s,Positive,0.989,Product Quality Issue,0.391
..THE CARDS ARE NICE BUT NOT AS THICK AS THEY USED TO BE WHEN I WAS A KID....THE SKIPS ARE JUST ARROWS..AND IT SAYS +2 O,Positive,0.936,Performance Issue,0.221
I am a Nora Roberts fan. I have read almost all of her books. I was very disappointed in this book. The language was jus,Negative,0.987,Product Quality Issue,0.241
very poor quality musicquite offensivenot suitable for younger audiencenot entertaining at allunlike the great album by ,Negative,0.986,Product Quality Issue,0.393
"in case you're wondering, it's possible for a coffee maker to make coffee as tasty as from a filter and cone system. (Th",Positive,0.988,Pricing Issue,0.378
My father had a snake bite kit when I was a kid. He brought it home from his military days. I thought it was cool and re,Negative,0.984,Performance Issue,0.369
I purchased this book and seriously regret it. Compared to Demay's text this book is worthless except for its stats info,Negative,0.985,Product Quality Issue,0.32
"Emotions guide actions, by establishing a channel for emotions to flow, ""Raising More Money"" developed a procedural meth",Positive,0.931,Performance Issue,0.334
"Peter Drucker is simply one of the very best of all time. The Effective Executive, albeit over 40 years old, still appli",Positive,0.99,Performance Issue,0.257
Superb book on the problems leading to infertility and what can be done to resolve these. The section on Male Infertilit,Positive,0.988,Pricing Issue,0.303
"I gave up on this high price transmitter in favor of the Griffin 40-30 RoadTrip, too much static, does not charge the it",Negative,0.88,Performance Issue,0.632
"It feels great to be responsible when it comes to being ""green"" but Seventh Generation really makes it easy when they ha",Positive,0.986,Product Quality Issue,0.251
"This book is nothing less than brilliant! I see this wonderful, ethereal quality--harkening to the Romantic era. Wrights",Positive,0.991,Performance Issue,0.246
I have been a classically trained drummer for over 10 years and just recently got into the hand drumming. I have Never f,Positive,0.992,Performance Issue,0.261
Kensington put out a nice sound for a smaller portable unit. Very light unit and the batteries (rechargeable) hold up we,Positive,0.989,Battery Issue,0.245
Marcia Adams Heartland is a beautfully done cookbook.Ihave all her books and watch her tv shows.Irecommend it to any one,Positive,0.808,Product Quality Issue,0.312
My five year old daughter and I simply loved this book. We giggled through the whole thing. I came to Amazon to buy some,Positive,0.986,Battery Issue,0.216
"i got this board to match my knife set. great quality, heavy, thick cutting board. i love it. nice well to collect juice",Positive,0.987,Product Quality Issue,0.395
This stereo install dash kit did not fit in my 2007 Chevy pickup truck as advertised and did not include wiring.False ad,Negative,0.983,Product Quality Issue,0.331
Wow Could not get over how weak the coffee came out.tried and tried to get some flavor out of it. NOT possible.Even trie,Negative,0.984,Performance Issue,0.348
It's not so much that I dislike the thing itself more than that I simply don't feel like spending the current price of 8,Negative,0.961,Pricing Issue,0.698
I ordered this for my son who is in college (storage space is an issue). It might be that he just did not take proper ca,Negative,0.981,Product Quality Issue,0.37
"Tarot of the Trance, by Eva Marie Nitsche, is one of the most beautiful decks in my collection. I liked the the Mexican ",Positive,0.987,Product Quality Issue,0.224
I have borrowed both this title and his Smart Couples Finish Rich from the library. Because I believe this book is so ti,Positive,0.992,Performance Issue,0.271
"Having read the book and gotten the sound track a while back, thought it was time to watch the movie. It was a nice tour",Positive,0.931,Product Quality Issue,0.211
"From the time my kids were small, we've read this book outloud almost every Christmas Eve - a great story of knowing tha",Positive,0.989,Performance Issue,0.222
"What a masterpiece! Disney has done it again! There are so many wonderful moments in this film! The ""Creeper"" steals the",Positive,0.99,Performance Issue,0.239
Raising Hell: A Concise History of the Black Arts and Those Who Dared Practice Them by Robert Masello is an concise but ,Positive,0.985,Product Quality Issue,0.23
"this record kicks so hard and the live record is even more intimate, the live dvd is so good and the visuals are amazing",Positive,0.99,Performance Issue,0.271
"I bought these ear phones for working out for two simple reasons: They are cheap. They have the rubber, sound-isolation ",Positive,0.986,Pricing Issue,0.438
I saw these guys per chance during this tour. They played Horde for some unknown reason. With all the hype that surround,Positive,0.751,Performance Issue,0.372
"The Angel Records re-issues of the ""Rodgers and Hammerstein Three Pack"" are terribly presented. The sound quality is hor",Negative,0.902,Product Quality Issue,0.555
First time I heard Yusef Lateefwas when I stumble upon hisEastern Sound cd. Just blew meaway. He had other soloistson th,Positive,0.989,Product Quality Issue,0.257
"""Paul and Michelle"",the sequel to ""Friends"" is set 3 years after the lovers last saw each other. Paul goes to find Miche",Negative,0.973,Product Quality Issue,0.317
"This was exactly what I wanted. It is cute, light weight, and you can hear GREAT! I'd recommend this to everyone!",Positive,0.99,Product Quality Issue,0.244
this product did not work fot me.i installed them and fill them with grease and could not get the grease gun off of the ,Negative,0.986,Product Quality Issue,0.492
"Being a lover of Stanley Kubricks' movies, I saw ""Lolita"" for the first time about a year ago and absolutely loved it!Th",Positive,0.989,Product Quality Issue,0.221
"Even though the album is okay, they are not original. They tried unsuccessfully to duplicate Bone Thugs N Harmony's uniq",Negative,0.953,Performance Issue,0.281
This is an excellent collection of articles on the construction of sexuality across cultures. No similar book exists so ,Positive,0.991,Battery Issue,0.2
This movie starts out funny but towards the movie the storyline gets pretty old. Its definitaly not a classic or a good ,Negative,0.986,Product Quality Issue,0.308
The Smart Strip is an excellent product. I saved money the first month. Well worth the investment.,Positive,0.992,Product Quality Issue,0.338
There are definitely better key rings out there if you just want to use it as a key ring. It is difficult to use this pr,Negative,0.985,Performance Issue,0.424
"Red Rodney's ""1957"" is a great album but it is the exact same material as is on the Savoy CD ""Fiery"" (see my review). I ",Negative,0.739,Product Quality Issue,0.422
"The only good songs on Load were Bleeding me and Until it Sleeps, but wow. There are NO good songs on this cd. Save your",Negative,0.982,Product Quality Issue,0.442
"A friend lent me Anastacia's first CD years ago and I was amazed by her voice. On a recent trip to Europe, I found this ",Positive,0.989,Product Quality Issue,0.249
kc's problems and solutions comes in PDF file format on a cd-rom that comes with the corresponding text. this is pretty ,Negative,0.984,Battery Issue,0.207
This awesome young man caught my attention on the Ally McBeal show and continues to live up to his talent in this CD. Hi,Positive,0.991,Performance Issue,0.341
"Gerard's name is spelled incorrectly, his birthday is wrong and apparently he started art school eleven years before he ",Negative,0.969,Performance Issue,0.234
I have previously used a Tom-Tom 910 in Europe and in the US. The screen on the Garmin is easier to read in all light. L,Positive,0.969,Pricing Issue,0.229
"Doesn't look like Liberty Mountain has any quality control on this. 2 of the three aluminum panels were cut correctly, a",Negative,0.963,Product Quality Issue,0.725
"When I saw Rent Filmed Live On Broadway, I'd already seen Rent twice actually live on Broadway, and I'd seen the movie t",Positive,0.988,Performance Issue,0.277
"I read the author's book, What Great Teachers Do Differently, years ago and found myself both motivated and inspired. I ",Negative,0.982,Delivery Problem,0.276
"I will be fifty years old on February 17, 2004, if the Lord allows. This book is interesting, inspiring and worth the mo",Positive,0.991,Battery Issue,0.198
"When I put this product on my ears, my ears get stuffed up like I'm on an airplane. Plus, I don't understand the noise c",Negative,0.975,Pricing Issue,0.303
... After only two years my Pro Heat Bissell's water pump just stopped pumping the water/cleaner solution. I would expec,Negative,0.972,Performance Issue,0.374
a bit cumbersome to store due to shape of handle. Also feels somewhat unbalanced. Heavier than most spatulas. Pointed ti,Negative,0.791,Performance Issue,0.337
Revamped my backyard and used these as an edging to one side of a designated public access area. Very nice! They were a ,Positive,0.989,Product Quality Issue,0.271
"Wonderful music. We heard some of these on the radio and had to search a little to find this, but it's worth it.",Positive,0.99,Performance Issue,0.238
"This is a wolf in sheep's clothing. It passes itself as ""God's way"", but it is the way of devil. It has nothing to do wi",Negative,0.96,Delivery Problem,0.282
I don't know if this review is for the Junkets or for the seller. These tablets do not work for me. I have tried with di,Negative,0.987,Customer Service Issue,0.267
"The Epilouge says enough in its title ""Its your last chance Stupid Jews'. This book is not worth the paper its written o",Negative,0.948,Performance Issue,0.265
The seller was great received the package within a few days. Manikin looks like the pic there's several grey hairs throu,Negative,0.947,Delivery Problem,0.29
"Stroller arrived with front axle assembly so loose that ball bearings fell out. Instructions are minimal, pictures are t",Negative,0.857,Product Quality Issue,0.328
I love rebelde you should her it is a spanish cd I love a lot!!!! I love RBD I love them I love Diego The boys are all H,Positive,0.991,Performance Issue,0.291
"great cinderella story, mixed between muppets and people, so many funny lines that you pick up on once you watch the mov",Positive,0.991,Delivery Problem,0.219
"The HP Deskjet 6620 is a great little printer (actually it is not that LITTLE, it is quite wide)for the price. Speedy! A",Positive,0.984,Pricing Issue,0.406
"I've listened to this CD many, many times. I can honestly say that, as a long time fan of The Sons of The Pioneers, it i",Positive,0.991,Performance Issue,0.404
Rewarded my daughter with stickers and she loved it actually bought another. It actually made her want to use the potty ,Positive,0.981,Performance Issue,0.243
Well this is the second release off the super sexy Shania Twain's multiplatinum album UP! And this is a great single. Th,Positive,0.99,Performance Issue,0.276
"Ten of these were ordered for an school art contest. They are the ""Classic"" Etch-A-Sketch as stated in the item descript",Positive,0.982,Product Quality Issue,0.294
Kitchen Aids are one of the best mixers you can buy - but initially when you purchase one you only get one bowl. This ex,Positive,0.989,Product Quality Issue,0.221
"We've only used it a few times, but this mixer seems to perform well. The lowest speed is slow enough so you can work yo",Positive,0.985,Product Quality Issue,0.257
This is NOT the item you will get when you order form them.You will instead receive New Chapter BLENDED Tamanu and Olive,Negative,0.982,Delivery Problem,0.374
I bought this product to help my nails after wearing artificial nails for years. I put a coat on every day for a week an,Positive,0.986,Delivery Problem,0.21
It's been 2 years since the release of the double platinum selling Evolution cd and once again Martina proves she's wort,Positive,0.99,Pricing Issue,0.249
"What was advertized was a 10 page digital document of over 2700 words. What was delivered was a 360 word blurb, nothing ",Negative,0.935,Delivery Problem,0.561
this is the worst movie i have ever seen! i turned it off it was so bad! i got it at wal-mart in like their $3 bin or so,Negative,0.987,Pricing Issue,0.353
Another terrible release. Nothing new from the other DVDs. All the moves are similar to what she has already taught.,Negative,0.986,Product Quality Issue,0.42
I loved this pot. I made soups and roast in it weekly. It was my favorite pot to cook in. Then one day while I was cooki,Negative,0.957,Product Quality Issue,0.591
I got this hoping it would be good. I only used it 3 times and it just stopped working and I don't know what to do.,Negative,0.981,Product Quality Issue,0.284
"I thought that theStila Illuminating Liquid Foundation, 10 Watts, 1 Ouncewould be better for me than my off-the-shelf fo",Positive,0.936,Delivery Problem,0.603
Great job on mixing many of the beatles hits. Love to listen to this while I am driving. Seems to have a great deal of e,Positive,0.991,Performance Issue,0.257
"The sheets are listed as fleece but they are paper thin and make flannel look big and fluffy. The ""backside"" is a dreadf",Negative,0.985,Product Quality Issue,0.678
"I don't even need to write a review on it...It's all been said here...The worst Movie I've ever seen in my life, and tha",Negative,0.98,Product Quality Issue,0.228
Love Sandra Brown and this is no exception. I also love audiobooks because I can listen to the books and get a lot of wo,Positive,0.991,Product Quality Issue,0.408
I like it!I don't have 13 words to say & I don't see why its mandatory to have a lot to say about MY purchases ~ either ,Positive,0.984,Customer Service Issue,0.221
This movie was horrible! Total inappropriate language throughout. I can't believe this is classified as a kids movie. I ,Negative,0.987,Product Quality Issue,0.32
"Toss in a healthy dose of Leonard Cohen poetics, a touch of David Byrne, and a splash of Rocky Horror Picture Show, and ",Positive,0.987,Product Quality Issue,0.445
"Never been a dewalt fan, too many compromises and cut corners in quality. BUT if you can get this for about $60 brand ne",Negative,0.588,Pricing Issue,0.388
"a beautiful book to read and share w friends and loved one. i read this book at least twice a year from cover to cover, ",Positive,0.991,Battery Issue,0.2
"First, people should be aaware this title from Italy plays fine in the US in the original English language audio and is ",Positive,0.98,Performance Issue,0.304
DO NOT BUY THIS GARBAGE. I am a big fan of the Far Cry games but this movie is crap. Plus the only way they are gonna ma,Negative,0.986,Product Quality Issue,0.34
This product is remarkable. Discovered my need for it while typing a document on an airplane and I realized the sensitiv,Positive,0.981,Performance Issue,0.285
"I absolutely love KV. I have read 10 or so of his books and love them all.For a while, Mother Night was my favorite but ",Positive,0.989,Pricing Issue,0.214
"High energy, toe tapping music. A must have for the Celtic music lover.I love listening to Solas and the lead singer.Her",Positive,0.991,Performance Issue,0.291
"This product works great as long as people notice the light blinking, rather than being oblivious to it.",Positive,0.969,Product Quality Issue,0.376
This is an excellent mouse. The shape is great and I love the Forward and Back buttons that you can push with your thumb,Positive,0.989,Battery Issue,0.293
This is definitely not a software to reinforce math. It is more interactive play trying to figure out what Mia should do,Negative,0.812,Delivery Problem,0.222
This film is disappointing. The narration is distracting and tedious. What there is of the individual stories is interes,Negative,0.988,Product Quality Issue,0.253
"the antenna has the same reception power than a $20.00 (Radio Shack) antenna that I have before, but now the reception i",Positive,0.573,Pricing Issue,0.345
I purchased this product over a year ago and saw results within two weeks! You must follow the instructions. Apply a cut,Positive,0.929,Customer Service Issue,0.21
"I was sick of waiting for the expansion to WoW and had heard some good things about FFXI. The graphics were descent, but",Negative,0.957,Product Quality Issue,0.255
Would have been great but film continued to freeze. Got tired of restarting. Gave up! My kind of movie so maybe will try,Negative,0.976,Performance Issue,0.316
"I liked the movie ""Sphere"" which was based on the wonderful novel by Mr. Michael Crichton. It is about a group of scient",Positive,0.777,Performance Issue,0.243
We bought this item to clean our expensive pots. It did not do a thing. Not sure of return policy but this product does ,Negative,0.987,Performance Issue,0.425
I got these specifically for polishing off blackening on jewelry I make. They didn't shred as badly as regular steel woo,Positive,0.928,Product Quality Issue,0.285
Ever used an A-to-D? Ever programmed in assembly language? Yeah? BING! You're well past the audience this book is writte,Positive,0.967,Pricing Issue,0.237
I HAD EXPECTED MORE ABOUT SPIRITUALITIY FROM THIS WORK BUT WAS VERY DISSAPOINTED TO READ MORE FAR OUT VIEWS ON THE AUTHO,Negative,0.971,Performance Issue,0.245
It's really too bad that the editors of this viedo were more interested in the crowd and circa 1990 Bon Jovi camera angl,Negative,0.867,Product Quality Issue,0.302
I used this machine almost daily for two years. My only complaint is the steam wand's detachable cover that promotes gun,Negative,0.923,Product Quality Issue,0.237
"All my girls ages 2, 7, and 10, love this disc. They also like music by ""real"" recording artists but this is really fun ",Positive,0.985,Product Quality Issue,0.337
Received movie in good condition and enjoyed this unique film which has quality actors. Blake Robbins was especially con,Positive,0.99,Product Quality Issue,0.635
This rack is barely usable to hang mugs on. The pegs are wobbly and loose and the whole frame is flimsy. As I tried to h,Negative,0.985,Product Quality Issue,0.351
I watched this because there was nothing else to watch. Nothing was ever resolved in the movie and it was really wierd.,Negative,0.982,Performance Issue,0.321
"For the price, what can you expect? It's a poor-quality, made in China product. The colours are a little off (the blue i",Negative,0.986,Pricing Issue,0.386
I have all Tim Wilson's CDs and may I say this one is the only one that has ever been a disappointment.,Negative,0.954,Performance Issue,0.223
"Hanson has been so fortunate about their long awaited success. Interviews, radio shows, and specials on entertainment sh",Negative,0.893,Delivery Problem,0.257
Do not buy this printer if you plan to print transparencies. I bought it to print a lot of transparencies. In your hand ,Negative,0.987,Delivery Problem,0.374
"The paper is fine, but the spiral binding is of poor quality. The front and back cover of the book fell off in the first",Negative,0.986,Product Quality Issue,0.724
I was distracted by mistakes and typos. Book is only good for die-hard fans who collect EVERY piece of GWTW memorabilia.,Negative,0.98,Product Quality Issue,0.375
This is not the Steve Harris from Iron Maiden!!!!! I notice people have bought products to do with Iron Maiden have also,Negative,0.963,Product Quality Issue,0.272
I purchased a few of these cables because they were so cheap and it's always handy to have a couple of these hdmi cables,Negative,0.985,Pricing Issue,0.402
"When a movie panders to the star's appeal in one useless elongated opening shower scene, you should know what to expect ",Negative,0.96,Performance Issue,0.252
I ran it for three summers total - bought expensive tanks of propane (about 3 per summer) and the replacement attractant,Negative,0.693,Pricing Issue,0.316
"I found The Three Musketeers to be perhaps the greatest novel I've ever read! Porthos, Athos, Aramis, and d'Artagnan are",Positive,0.987,Performance Issue,0.32
Kids loved this movie. We had never seen it before and they were thrilled with being able to watch it!,Positive,0.989,Product Quality Issue,0.423
Unable to watch a message says unable to stream but I was charged like I seen the movie. I orders it three times,Negative,0.856,Pricing Issue,0.264
"Very nice power center, especially for the price! I needed something to protect my new home theater system, because my o",Positive,0.986,Pricing Issue,0.335
I would have to say this is a very cute tiger and my shipping was quick. He does have a soulful look about him and very ,Positive,0.988,Delivery Problem,0.252
"I've been doing this tape for about 2 weeks...it gives a suprising good strength workout using the toning cords. Also, y",Positive,0.99,Product Quality Issue,0.334
I can't say enough bad about this book. Fortunately I only paid $1.00 for it at a used book store. A silly story written,Negative,0.98,Product Quality Issue,0.315
Este libro es muy malo ya que no contiene ningun ritual verdadero para la buena suerte cuando lo lei senti deceos de tir,Positive,0.975,Product Quality Issue,0.311
Weller 18 a 60s obsessed mod teen takes speed sees the Pistols live and combines his love for soul and R&B with the fire,Positive,0.99,Performance Issue,0.276
This book is a rare example of excellant background material and real world examples. The author's understanding of the ,Negative,0.529,Delivery Problem,0.238
"The standards being excellent! This is a warm, witty, and charming example of mystery writing. Quill is no hard boil 40'",Positive,0.989,Product Quality Issue,0.593
I think that this product would be great if it wasn't so poorly made. As soon as I took it out of the box it was broken.,Negative,0.986,Product Quality Issue,0.465
"during the reformation, the great schism ignited by martin luther between roman catholicism and the new protestantism of",Negative,0.922,Performance Issue,0.287
"We ordered this kit for a beginner at stamp collecting. We expected the album to be free-form, so he could save the stam",Negative,0.977,Delivery Problem,0.296
"This is seriously the best book on movies I've ever read. With a few exceptions--""White Zombie,"" ""Murder by Television""-",Positive,0.976,Product Quality Issue,0.304
"Great movie, but one of the BEST lines from the theatre and VHS version of Last of the Mohicans is: ""Do not try to under",Negative,0.97,Product Quality Issue,0.503
It's been 3 years since Charlie Chan films were knocked off the Fox Movie channel thanks to the meddling of the P.C. spe,Positive,0.953,Performance Issue,0.255
I've heard such great things about this phone and was really looking forward to trying it out. Unfortunately the phone w,Negative,0.984,Delivery Problem,0.302
"One star - for the fabulous cast which was ridiculously under-utilized, one - for the fact that I was able to finish wat",Negative,0.954,Performance Issue,0.27
If it was possible to rate this film at zero I would. It's that bad.Usually I can find a redeeming quality in a film... ,Negative,0.975,Performance Issue,0.224
what could have been an interesting and intellectual combination of styles turns out to be a bit of a disappointment. ha,Negative,0.972,Product Quality Issue,0.232
only the Khazar elite converted to the Jewish faith there are plenty of archeological expeditions that have uncovered bu,Positive,0.937,Performance Issue,0.227
"I really wasn't going to review this book, but on a whim was browsing the other reviews when I came upon the 'Ah Jeez...",Negative,0.86,Performance Issue,0.259
"This book is ultra-rare, so if you can get a copy, keep it. I stole mine from the public library. The book visits some o",Positive,0.99,Pricing Issue,0.233
Some serious problem with the lamp. Probably the worst thing I have purchased on Amazon.1. several days after normal use,Negative,0.987,Delivery Problem,0.321
"THE NUTRITIONAL LABEL IS ""VAGUE/MISLEADING"" ; 6 pieces = 860mg SALT/SODIUM= ""OUTRAGIOUS/UNACCEPTABLE"" TOTALLY MEDEVIAL ;",Negative,0.972,Delivery Problem,0.372
"great lil saw BUT Milwaukee 18 V NiCads suck!!! buy this bare bones and add Lith Ions, u will be happier.......",Positive,0.968,Battery Issue,0.28
So good to know I have these for later. Love the system! I highly recommend it for single people. No need to make a lot ,Positive,0.991,Product Quality Issue,0.256
What a great CD! Completely takes the work out of putting together your own ceremony CD. We aren't having live musicians,Positive,0.99,Product Quality Issue,0.316
"Nice source of recipes, I enjoyed the writer's style as well as the recipes. Ever try to eat your way through a cookbook",Positive,0.991,Product Quality Issue,0.309
This camera is great. UPS delivered it today and I have been bowled over by all the features that I didn't know it had. ,Positive,0.982,Battery Issue,0.36
"i have read everything , from sydney sheldon to ken follet but i must bow down to the MASTER.Its a tragedy this great wr",Positive,0.961,Performance Issue,0.343
"Con la colaboracion de Warner Latina, este cd+dvd promocional del canal HTV por lo menos en el cd trae una buena selecci",Positive,0.972,Product Quality Issue,0.486
"Very comfortable for camping and plenty of room for my wife, myself, and our infant son. We just bought a very large (16",Positive,0.961,Product Quality Issue,0.215
"For a newbie, this CD is a great way to ease into the world of Phish. While Junta is a better example of what Phish is r",Positive,0.989,Product Quality Issue,0.44
This is an excellent compilation of the original Get Smart series! Brought back many memories! An excellent value for th,Positive,0.992,Product Quality Issue,0.24
The rods the shoes sit on are metal while the frame is plastic. It fits five pairs of women's heels and sandals or four ,Negative,0.963,Performance Issue,0.248
The AT&T 436 had a short-circuit after 3 months of use. It brought our phone line to its knees. It took a Verizon techni,Negative,0.878,Customer Service Issue,0.334
This is another great and also alot to learn from. Love these old shows.You will love it. Great quality on this VHS and ,Positive,0.991,Product Quality Issue,0.293
"My sonicare battery was running low, so I bought this because of the low price. Don't waste your money, it's much much w",Negative,0.98,Pricing Issue,0.297
This is worst product I've ever purchased. First they claim they will send you a rebate which I've never got and it's be,Negative,0.987,Product Quality Issue,0.327
When I made the order it was for global use. But the product you shipped was specifically for Asia. Why did you send suc,Negative,0.979,Customer Service Issue,0.314
I bought this book in order to gain a better understanding of Deconstructive theory. I was open to the comic book format,Negative,0.978,Product Quality Issue,0.248
"This silverware is amazing, way better than that plastic crap those greasy trailer park boys use. Can't go wrong getting",Positive,0.989,Product Quality Issue,0.426
"Like other reviewers, I thought the organization and look of the book was spot on. But, and it's a big but, the finished",Negative,0.961,Product Quality Issue,0.498
Not having been familiar with the production ( or the related album ); but looking forward to a collection of John Denve,Negative,0.98,Product Quality Issue,0.36
This DVD seemed to display all of my favorite Gordon Lightfoot songs in a well- orchestrated order that flowed flawlessl,Positive,0.807,Product Quality Issue,0.326
River Season is a snapshot of growing up in Small Town America that keeps you captured from page 1. It is heart warming ,Positive,0.99,Pricing Issue,0.294
I have LOVED this toothbrush. I even bought the kids their own. No messy tooth paste in the sink and on the counter. Thi,Positive,0.99,Customer Service Issue,0.251
What crap is this? Releasing albums like this is what started Michael Bolton's carrerr. This was just painful to listen ,Negative,0.985,Product Quality Issue,0.308
If you are looking to scare your clients from never drinking this video will do just that and incite some PTSD !,Negative,0.968,Delivery Problem,0.343
When I purchased this book I was in the process of upgrading several Websphere servers from 3.5 to 4.0. I was looking fo,Negative,0.957,Customer Service Issue,0.223
This assortment should be sufficient for most folks around the house. I have purchased these as gifts and they have been,Positive,0.926,Product Quality Issue,0.418
Everything was good. shipped fast. it was exactly like described. i would buy from them again.,Positive,0.987,Product Quality Issue,0.418
Works... doesn't seem like the sharpest blade in the world. Like the styptic and file being in the handle to keep everyt,Negative,0.979,Performance Issue,0.416
Last update: Monday.Today: Wednesday.This isn't a great way to get your news. It is a great way to see what happened two,Positive,0.734,Performance Issue,0.189
"Trollope is addictive, but some of his books offer more nonstop entertainment than others, and this is one of those.",Positive,0.961,Battery Issue,0.225
it is time for Jessica to sing songs that fits a woman. This bubblegum type of music is just horrendous. The lyrics are ,Negative,0.982,Product Quality Issue,0.344
I'm usually a big fan of vamp books with a good twist of humor but I can't quite get into this series. Just too superfic,Negative,0.98,Product Quality Issue,0.339
"The remote was set up exactly as instructed, and as other users articulated, we couldn't get it to work. The ""customer s",Negative,0.986,Customer Service Issue,0.82
This book is a good start for those who want to work on the guts of their own mud. The target audience seems to be accom,Positive,0.952,Delivery Problem,0.237
"I've been buying ON's products for well over a year now and have been very happy with them. In fact, when I shop for pro",Negative,0.987,Delivery Problem,0.367
"There are oodles of glowing reviews of this book, you don't need to read another. All you need to know is that this book",Positive,0.974,Product Quality Issue,0.178
"I've read both Darwin's Radio and its successor, Darwin's Children. The real star of the show here is the evolutionary c",Negative,0.925,Performance Issue,0.349
'Please Forgive Me' by UK artist David Gray. '..Till we see Him in world without AI end...? HE GOES ON. '...Tell people ,Positive,0.983,Performance Issue,0.478
This radio has good sound and plays CDs great but its FM reception is horrible. If you have flourescent lights anywhere ,Negative,0.981,Customer Service Issue,0.294
This book was a beautiful love story of a true American Hero. G.I. Joe was a very lucky man to have such an loving and u,Positive,0.99,Performance Issue,0.27
My puppy loves this little toy -- I just wish it were brown instead of grey -- it looks too much like a mouse!,Positive,0.864,Product Quality Issue,0.472
Where do i begin? From the word go stabbing westward's darkest days hits you like a punch in the face. It's the most ama,Positive,0.987,Product Quality Issue,0.222
All of Marly's books are great..I just wish there were more books to read! I have to say I have several authors on Ellor,Positive,0.988,Product Quality Issue,0.228
"In April 2003 (six months before this writing) I was dimly aware that I was running out of CD-Rs, and so when Amazon's f",Negative,0.904,Product Quality Issue,0.285
I bought this for my 1 1/2 year old to wear while we were in Hawaii on vacation. It provided lots of sun protection - fo,Positive,0.989,Product Quality Issue,0.361
Excellent Book for the casual or just sorta interested in physics type of person. was very easy to read and explained th,Positive,0.991,Battery Issue,0.239
"Good size and quality, however, it was the wrong flag. Rather than getting the USSR flag, I got a United States Marine C",Negative,0.97,Product Quality Issue,0.546
"I, too, like one of the other reviewers, had trouble with the S-video connects: both were bad. Took it back for another,",Negative,0.986,Pricing Issue,0.586
We were running to the park last night and I stopped in the grocery store for a few snacks to bring along. I bought a 5-,Negative,0.971,Delivery Problem,0.21
Emmet Fox always presents a new way of looking at life. The truth really will set you free.,Positive,0.987,Delivery Problem,0.206
"Buy it! If you have any interest at all in how your guitar amplifier works, you need this book - I can't recommend it an",Positive,0.991,Delivery Problem,0.279
I enjoyed this book. It gave some very practical advice on creating a workshop environment for writing in the Intermedia,Positive,0.989,Performance Issue,0.226
After so many years of being without Indiana Jones it would seem that they would have thought more on the topic of their,Negative,0.984,Pricing Issue,0.435
Extremely easy to read and understand. The section on charts is exceptional!,Positive,0.991,Performance Issue,0.194
"I purchased this a day ago, and did lose boredom instantly and got hooked.Galaga, etc. are all my classical favourites!I",Positive,0.975,Performance Issue,0.316
I was diagnosed with coeliac/celiac (spelling depends on which side of the Atlantic you are on) as an infant. Inadvertan,Negative,0.947,Performance Issue,0.307
"Harrison-Pepper's descriptions of the performances and players of Washington Square are top-rate, but it's with her anal",Positive,0.989,Performance Issue,0.323
"This DVD is a great example of how Hilary gets by on her looks. Includes making and videos of ""So Yesterday""/""Why Not"", ",Positive,0.97,Product Quality Issue,0.487
"Print quality is fine, but holy moly, you can maybe get 100 pages out of each cartridge. I'm changing them very frequent",Negative,0.826,Product Quality Issue,0.371
If there was a rating of less than 1 star- or actually negative number of stars- this movie is worthy. A friend claimed ,Positive,0.781,Pricing Issue,0.228
Love this book! I tried the easiest ball and it only took me about 2 hours to complete. I stitched it by hand. Fun and a,Positive,0.992,Performance Issue,0.204
I ordered this SO CALLED Honey Powder from BARRY FARMS ~ it is a FRAUD !! It is not HONEY POWDER. It isWHEAT with someth,Negative,0.98,Delivery Problem,0.314
I bought this system b/c of the raves review given by the users and the JVC brand. I was disappointed after unpacking an,Negative,0.986,Product Quality Issue,0.414
"burn after waching is more like it. or maybe burn before watching, would be even better. there was lots of hype about th",Positive,0.964,Product Quality Issue,0.383
"The button labels on this watch are so small, I simply could not even read them. The picture of the watch on this site m",Negative,0.982,Product Quality Issue,0.391
"Van Damme needs to stay in Israel and never come back after this movie. Charlton Heston of all people, makes a horrible ",Negative,0.981,Performance Issue,0.285
